type;subject
spam;Tres cupones descuento para ti
spam;¡Sorpresa! Shiseido ya está disponible, ¡aprovéchalo!
spam;¡Oferta online! Precio fijo 24h sin subidas en luz y sin permanencia
inbox;4 semana septiembre plan de redes
inbox;Categorías contenido y fuentes 2
spam;Estamos de REBAJAS ⚡ ¡Solo 72 horas! 
spam;YA-MA-ZA-KI, orden japonés desde 3,99€ | Ofelia Home Decor
spam;Solo queda 1 día
spam;HOY 😍 -10% EXTRA para ti
spam;¡Hasta -85%! Nuestra VENTA DE MUESTRAS
spam;Hola, aquí tienes tu plan semanal 
spam;Giner y Colomer ya a la venta ¡no te lo pierdas!
spam;Último día para 10% + 5% en todos los productos
spam;New Collection | Pre-Spring
spam;Seguimos de... ¡¡FLASH SALES!!
inbox;📣 Nueva sugerencia de grupo: Barcelona Business & Spirituality Hub
spam;Leonisa, Gaston & Hortense, Geographical Norway, Polo Club, Just for Victoria y más hoy en Veepee
spam;Hola su paquete está listo para ser entregado
spam;¡Solo HOY! Lo mejor del día del mueble | Casa nueva: antes y después
spam;This Celeb's Go-To Anti-Aging Supplement
spam;Te espera una comida GRATIS de hasta 30 CAD. ¡Solo pagas las tarifas!
spam;New color Crews, Vs and Long Sleeves are here!
spam;Los profesionales con aptitudes de Bases de datos siguen a estos creadores de contenido
spam;Tú + FITFIU Fitness = planazo de sábado
spam;PETKIT Airsalon Max is ready for you! 💬
spam;¡Últimos días! Ahórrate el 21% de IVA en Electrónica y Electrodomésticos
spam;60% de descuento para aprender inglés 🔝🔝🔝
spam;OUTLET de BÁSICOS hasta -70%
spam;¡Tienes recompensas disponibles! 🧨
spam;Hola, ¡tenemos una sorpresa para ti!
spam;Has leído bien... Estée Lauder ya está disponible, ¡aprovéchalo!
spam;Eres ganador de una entrada del Sorteo Dewalt EXTREME Drill
spam;#SemanaWeb 💻 Exclusiva Online
inbox;Las finanzas digitales y su normativa en 2023
spam;⚡Tu plan Premium tiene un 60% de descuento ⚡
spam;¡CORRE A LAS FLASH SALES!
spam;¿Quieres mimar tu piel?🧼Compra 1 leche hidratante y llévate 1 crema de manos de regalo
spam;¡Última oportunidad -20% para ti!
spam;💡 Nuestro ESPECIAL de iluminación hasta -80%
spam;Felicidades, has ganado un iPhone 14 Pro! 🎉
spam;IT’S BACK!
spam;Hola 🧡 NUEVAS promos para ti
spam;-25% ULTIMO DIA
spam;Yu paquete está listo para ser entregado
spam;¡Samsung Days! Ahorra hasta 400€
spam;Hola, Aquí Encontrarás los Mejores cursos de Cocina Online -13957814-
spam;Ahórrate el 21% de IVA en Electrónica y Electrodomésticos
spam;Cancela tus deudas en menos tiempo, esfuerzo y dinero
spam;¡HOY último día para solicitar tu certificado de donaciones!
spam;⚡ Estamos de REBAJAS ⚡ ¡Solo 72 horas! 
inbox;Qué es y cómo funciona ChatGPT
spam;¿Lista para renovar tu armario? | Rebajas hasta -70% ⚡
spam;Premier ⭐ ICONS by Westwing Collection ⭐ 10 trendsetters 10 ediciones especiales
inbox;Hola, en IKEA, siempre algo nuevo
inbox;El papel de los bancos es fundamental en la transición energética
spam;Últimos días para canjear su 10 % de descuento
spam;Obtén un descuento de hasta 30 CAD antes de que venza
spam;FLASH⚡ Descúbrelas 💖
spam;Hola, rebajas hasta -50% y novedades para ti
inbox;La actividad de Bizum entre los comercios electrónicos clientes de BBVA se multiplica por cuatro en 2022
inbox;Aquest hivern, activa’t! ⛸
spam;-25% LOVE YOURSELF
spam;⚡Tu plan Premium tiene un 60% de descuento ⚡ 
spam;Best Sellers de Rebajas que enamoran | Hasta -70% ❤️
inbox;Salvemos a este gorila encarcelado 🦍
spam;SALE ⏰ ¡Últimos días!
spam;¿sabes que tienes un nuevo vale de descuento para producto fresco?
spam;a mejor tecnología a precio de OUTLET
spam;¡Sorpresa! Segarra ya está disponible, ¡aprovéchalo!
inbox;Descarga nuestro Ebook y aprende las lecciones más valiosas para principiantes
inbox;Un millón de euros para 23 proyectos solidarios
spam;⚡ Estamos de REBAJAS ⚡ ¡Solo 72 horas!
spam;Factura Electrónica - 897139
spam;💥Descuentazo en TODO parafarmacia*
spam;Burrito Blanco ya a la venta ¡no te lo pierdas!
spam;Segundas rebajas | Hasta -70% ⚡
spam;Hasta -70% | Hoy, el gran DÍA
spam;3 semanas de REBAJAS – ¡Última semana!
spam;Hola, sigue a estos creadores de contenido en función de tu actividad reciente
spam;¡OPORTUNIDAD! 60% de descuento en tu suscripción Premium
spam;¿Ola de frío? SÚPER PRECIOS para entrar en calor
inbox;¡Salva al pingüino 🐧 : el gran superviviente de la Antártida! 
spam;Has leído bien... Christian Lacroix ya está disponible, ¡aprovéchalo! 
spam;💥NUEVAS promos para ti
inbox;Europa no puede quedarse atrás y tiene que fomentar las inversiones en descarbonización
spam;¡Última llamada! Disfruta tu -18%
spam;Up to 40% OFF ⏰SALES Collection
spam;Hola, aprovecha el Summer Sale: 30% OFF en tu alarma antirrobo
spam;Re: Hemos estado tratando de comunicarnos con usted. ¡Por favor responda!
spam;¡Has sido seleccionado!
inbox;'Tokenise Europe 2025', un llamamiento a digitalizar la economía
inbox;Estrategias avanzadas de negocios, marketing digital y desarrollo personal
spam;¡Tenemos una sorpresa para nuestros compradores!
spam;¡Exclusiva! 💣 | Archive Sale de invierno
spam;¡Ya están aquí! Tendencias que marcarán 2023
spam;Descarga nuestro Ebook y aprende las lecciones más valiosas para principiantes
inbox;Banco de Crédito BCP está buscando personal: Data Scientist - Machine Learning
inbox;Cómo se reparten las emisiones de gases de efecto invernadero en España
spam;Hasta -30% ✨¡Más y más OUTLET!
spam;60% de descuento para aprender inglés
spam;Recuerda solicitar tu entrada profesional gratis
spam;Su notificación de paquete 🕒
spam;𝐅𝐞𝐥𝐢𝐜𝐢𝐝𝐚𝐝𝐞𝐬, has ganado un iPhone 14 Pro! 🎉
spam;aprovechá la venta directa de fábrica. Financiación hasta el 60% en 24 cuotas fijas
spam;su paquete📦 está listo para ser entregado
spam;¡Te echamos de menos!
spam;Securitas Direct: la alarma Nº1 que protegerá tu casa este invierno
spam;Promover la quema de grasa y un peso saludable
spam;¿Cuánto mayor ha sido el trauma a superar, mayor es el éxito que somos capaces de alcanzar?
inbox;BBVA, Top Employer 2023 en España
spam;Un cupón promocional especial para darte la bienvenida
spam;SEGUNDAS REBAJAS | Hasta -70% 💣
inbox;Ayúdanos a mejorar. Tu opinión es importante para nosotros
inbox;Falta tu firma por la sanidad pública
inbox;Si tienes soluciones innovadoras presenta tu proyecto
spam;El descuento de hasta 30 CAD no durará por siempre
spam;Hasta -30% en las SEMANAS OUTLET
spam;¡Sorpresa! Cosmopolitan Design ya está disponible, ¡aprovéchalo! 
inbox;"Carlos Torres Vila: ""En 2023, BBVA seguirá creciendo y creando oportunidades para todos"
spam;HASTA -50% EN TUS FAVORITOS
spam;¡Mejora tu Blue Monday! 💙 Solo hoy -20%
spam;Sheridan: ropa de cama hasta -60%
spam;Shopping night hasta -85% ¡Solo hasta medianoche!
spam;"𝐋𝐞𝐫𝐨𝐲 𝐭𝐞 𝐫𝐞𝐠𝐚𝐥𝐚 𝐮𝐧 ""𝐌𝐚𝐤𝐢𝐭𝐚 𝐏𝐨𝐰𝐞𝐫 𝐃𝐫𝐢𝐥𝐥""...~ Confirmar recibo!"
spam;Scholl ya a la venta ¡no te lo pierdas!
inbox;El invitado que evitará tu “negocio muerto”
spam;Tu plan Premium tiene un 60% de descuento
spam;Segundas rebajas hasta –70% | Ahora con más descuentos
spam;¡Últimas horas de REBAJAS!
spam;3 semanas de REBAJAS - ¡Seguimos!
spam;Tú + Marcas de Lujo = planazo de sábado 
spam;¡Sorpresa! Scalpers Home...con NOVEDADES
spam;Conviértete en un Experto/a en Diseño Revit y Aprovecha las Prácticas y la Bolsa de Empleo -13957814-
spam;FREE? 🤯 Nourishes, moisturizes, soothes, regenerates...
inbox;¿Quieres ser parte de un año lleno de esperanza para el Planeta?
spam;Hola, tus favoritos, ahora por menos
spam;Lo más destacado en Vida Estética
spam;Aprovecha nuestras rebajas en Moda
spam;The PERFECT all-in-one
inbox;La bióloga que logró cultivar setas a partir de hojas de olivo
inbox;Lo más destacado en Tocado
spam;Vuestros estilos favoritos hasta -85%
spam;𝐬𝐮 𝐩𝐚𝐪𝐮𝐞𝐭𝐞 𝐞𝐬𝐭á 𝐥𝐢𝐬𝐭𝐨 𝐩𝐚𝐫𝐚 𝐬𝐞𝐫 𝐞𝐧𝐭𝐫𝐞𝐠𝐚𝐝𝐨
spam;It's No Wonder This is Our Best-Seller!
spam;REBAJAS 🔥 Hasta -10€
spam;SEGUNDAS REBAJAS empiezan ya
spam;Recibidor WOW hasta -60% | Guarda el árbol de Navidad con ENVÍO RÁPIDO
spam;Su notificación de paquete
inbox;Esperanza contra la ELA
spam;Finally back! Merino Leggings
spam;¡Oferta exclusiva! Hasta un 75% de dto.
spam;SEMANAS OUTLET ⚠ Hasta -30%
inbox;Matemáticas y algoritmos para invertir o gestionar el dinero de forma más eficiente
spam;las Rebajas de Designers ya están aquí
spam;Últimas horas 🔥 -25% -30%
spam;C-85557536 su paquete está listo para ser entregado
spam;¿no te habrás dejado algo?
spam;tienes una comida gratis de hasta 30 CAD
spam;⚡FLASH + REBAJAS 💖 Descúbrelas
inbox;BBVA estrena nuevas instalaciones sostenibles en su sede central
spam;TEST - Felicidades, has ganado un iPhone 14 Pro! 🎉
inbox;Viu un 2023 ple d’aventures!
spam;Rebajas ⚡️ | Abrigos hasta -50%
spam;-25% 🔥 ¡Empieza por lo irresistible!
spam;Sofás TOP Collection hasta -40% | OUTLET de lámparas
inbox;Kaggle Social Account Reminder
inbox;Su próxima estancia en Somriu Hotel City M28
inbox;Nota añadida a tu pedido de 18/01/2023 en Bohemian Shoes
inbox;Ya puedes descargar tu factura. Ref. PMM301N0037806
inbox;Confirmació de reserva del dg., 5 de febr
inbox;Ya puedes descargar tu factura. Ref. PMM201N1978043
inbox;Joyeuse Épiphanie et bienvenue à 2023!
inbox;Planificación virtual de cocinas IKEA - CITA 10/01 a las 20:30 h
inbox;Hipotecas: medidas especiales
inbox;Vas a recibir tu pedido de VIVINO
inbox;Tenemos una incidencia con tu pedido de VIVINO
inbox;[Unique Poster] Confirmación de pedido
inbox;Confirmación de su petición de cita previa
inbox;¡Tu pedido Vivino #X8NOAGN ha sido recibido!
inbox;¡Brindemos por todo lo que nos espera este 2023! 
inbox;RV: [EXTERNAL] Fwd: Receptes
inbox;Tu enlace de verificación
inbox;Entregado: Tu pedido n.º #404-6303162-5464352 de Amazon.es
inbox;Submission Confirmation
inbox;Proper calendari de competicions
inbox;Cambios de circulación en Barcelona
inbox;La metaheurística de optimización basada en colonias de hormigas: modelos y nuevos enfoques
inbox;Muchas gracias por su pedido
inbox;Aquí tienes tu enlace de acceso!
inbox;Tu espacio de almacenamiento en iCloud está lleno
inbox;Ya puedes descargar tu factura. Ref. PMM201N1580330
inbox;Corea del Norte ya es una potencia nuclear y quiere que el mundo lo sepa
inbox;Confirmación de reserva del sáb, 19 nov
inbox;Curso: Inteligencia Artificial Unidad III: Solución de problemas por búsqueda
inbox;La irrazonable eficacia de la teoría de grafos para científicos de datos y quants
inbox;¡Gracias por inscribirte!
inbox;INTELIGENCIA ARTIFICIAL
inbox;Confirmación de reserva del dom, 20 nov
inbox;Pedido enviado
inbox;El pedido #36707-EN está en tránsito
inbox;Pedido en preparación
inbox;Revisa tu próxima entrega
inbox;Confirmación de reserva del dom, 6 nov
inbox;Confirmació Curs surf
inbox;¿cuál es tu opinión sobre la tienda CAROLL?
inbox;Ya puedes descargar tu factura. Ref. PMM201N1415481
inbox;Asistencia agile
inbox;tus reservas CAROLL han sido aceptadas
inbox;Entregado: Tu pedido n.º #403-2012798-0742712 de Amazon.es
inbox;Recordatorio de entrevista
inbox;¿Te perdiste el AWS Summit Madrid 2022? Ahora puedes verlo online
inbox;"Rusia, la ""gran potencia militar"" en la que nadie quiere alistarse"
inbox;Deep Dive Worlds - ¡Vuelven las Speaker Series sobre Cloud!
inbox;Gestión del riesgo crediticio en instituciones financieras rurales en América Latina
inbox;Conoce nuestra app
inbox;ESL idiomas en el extranjero - ¡tu opinión!
inbox;¡Gracias! Tu reserva está confirmada
inbox;Monthly Pathways Info Session - Today!
spam;¡Has ganado un premio!
inbox;Inicio de sesión desde un dispositivo nuevo
inbox;Thank you for shopping with Pandora
inbox;Trabajo final tratamiento de riesgo
inbox;Plan Kolmogorov: talento y mentoría
inbox;tu envío ya tiene fecha de entrega
inbox;Problema con la reserva
inbox;Justificante ingresos
inbox;¡Tu pedido n.° 0001833686 ha sido enviado!
inbox;Tu pedido Amazon.es Té Matcha Premium 100... se ha enviado
inbox;Su pedido está en camino!
inbox;Ya puedes descargar tu factura. Ref. P1Z201Y0397823
inbox;Inscripción correcta Portal Web
inbox;Mensaje respondido: Q-tech - Nueva oportunidad - Data Analyst
inbox;Automatic reply: Confirmación pago estancia
inbox;Arquitectura datos
inbox;Nuevos empleos similares a Head of Data Analytics (They /She/ He) en Glovo
inbox;Confirmación y factura de la reserva de tu estancia
inbox;La titularización hipotecaria y su impacto en el sector de la construción
inbox;"Aguilar, Giovanna; Camargo, Gonzalo (2002)-Análisis de la morosidad en las instituciones"
inbox;El origen del pánico de 2008: la crisis del mercado de crédito hipotecario en Estados Unidos
inbox;Novedades en tu contrato de electricidad
inbox;reporte estabilidad sep 2007.p65
inbox;¡Bienvenido!
inbox;Términos y Condiciones
inbox;Nuevos empleos similares a Data Scientist en Roche
inbox;Aqui esta la documentacion
inbox;RE: Confirmación pendiente:
inbox;¡Su reseña está disponible!
inbox;Resguardo de admisión
inbox;La Meva Salut - Paraula de pas
inbox;Reserva Yummy Sundays
inbox;¡Tu pedido n.° 0001753326 ha sido enviado!
inbox;Gracias por tu pedido
inbox;Carpeta compartida contigo
inbox;Ya puedes descargar tu factura. Ref. PMM201N0597643
inbox;Fwd: Demuéstrele que le importa
inbox;Estimación de la provisiones esperadas en una institución financiera utilizando modelos logit y probit
inbox;Carpeta compartida contigo:
inbox;Mensaje enviado desde la web
inbox;Presentación compartida contigo
inbox;Modelos de Credit Scoring - Qué, Cómo, Cuándo y Para Qué -Score TasaAnualdeDefaultZ Probabilidad Probabilidad de Cumplimiento PD Efectos Marginales
inbox;¡Gracias por tu pedido!
inbox;Detalles del pedido #1327719
inbox;Applus+ Iteuve: E-mail de resguardo de cita
inbox;Ya puedes actualizar tu App
inbox;¡Te damos la bienvenida a ElParking!
inbox;Ya puedes descargar tu factura. Ref. PMM201N0415173
inbox;Tu código de un solo uso
inbox;Documento compartido contigo
inbox;Ya puedes descargar tu factura
inbox;Talent R | Data Opportunities
inbox;RV: Su vínculo de instalación de McAfee está aquí
inbox;Confirmación de baja
inbox;Nuevas Condiciones Generales de uso
inbox;Hemos pausado tu suscripción
inbox;Confirmación cambio cuenta bancaria
inbox;You've created a new Neo4j Sandbox project
inbox;Sujet : Statut de la commande
inbox;Tu certificado de donaciones está listo
inbox;Te damos la bienvenida
inbox;Amazon Web Services Billing Statement Available
inbox;El mapa de los volcanes en el mundo
inbox;Esto es lo que hemos hecho en agosto gracias a tu suscripción
inbox;La izquierda latinoamericana es progresista... pero tampoco mucho
inbox;Por favor, confirma que quieres apuntarte a nuestro boletín
inbox;¿Por qué Estados Unidos tiene bases militares en España?
inbox;Perú vota hoy en unas elecciones muy polarizadas
inbox;Carnet de estudiante
inbox;Confirmación de matrícula - MMD
inbox;Vencimiento Multiopción Ford Credit
inbox;Fwd: Su Reserva # 7110604 De AUTOS VALLS RENT A CAR
inbox;Fwd: Confirmación de tu reserva - FBWNGP
inbox;Tu recibo de Airbnb
inbox;Reserva confirmada para Alaior
inbox;Envío de su documentación
inbox;descárgate tu presupuesto de Génesis número
inbox;WordPress se ha instalado correctamente
inbox;Su cambio de pack
inbox;Por favor, confirme los datos de contacto de su dominio
inbox;¡Bienvenido a Hootsuite! Cómo comenzar.
inbox;Excel posible campaña
inbox;Comandos TOL
inbox;Consejos para protegerte de los fraudes 'online'
inbox;eleccion de canales....
inbox;marca word
inbox;Logo Exquesito
inbox;Entregable 5 : Empezando con Wordpress Fitxer
inbox;Comentarios #2
inbox;SEO comentrarios
inbox;[testing] Información de tu usuario y contraseña
inbox;pp (quien sabe si es el definitivo...)
inbox;MEGAULTRAMEGA-DEFINITIVISIMO
inbox;Formación Google Analytics
inbox;Proyecto casi final
inbox;PP social media acqustic casi acabado
inbox;Power Point CASI definitivo
inbox;Excel plan de contenidos
inbox;Mis diapos inside
inbox;Ficha acción FB cambiada
inbox;Ficha tecnica experiencias musicales MC Instagram RECTIFICADO
inbox;Ficha técnica Experiencias musicales MC Instagram
inbox;Semana 5 pasada al Excel
inbox;4 semana septiembre plan de redes MC
inbox;Categorías contenido y fuentes
inbox;Plan Semestral Brainstorming
inbox;Actualizamos nuestra política de privacidad
spam;Última oportunidad: -30% en productos seleccionados 
inbox;Tempranillo riojano en añada “Muy Buena” y el mejor precio de su categoría
inbox;La Liberalización del Comercio de Servicios: Telecomunicaciones y Bancos en Argentina
inbox;Una exclusiva cuvée de Burdeos de insuperable RCP
inbox;La OTAN ha convertido a Ucrania en uno de los mejores ejércitos del mundo
inbox;Cordyceps: el hongo antifatiga
inbox;"La mejor versión de Matarromera... ""rozando la perfección como siempre"""
spam;¡Últimas Horas! REBAJAS con Envío GRATIS
spam;¡Solo quedan 500 unidades!
inbox;Resolucion de problemas algoritmos de busqueda
inbox;1 empleo nuevo para «Científico de datos»
inbox;Tu suscripción a Amazon Prime
inbox;Amazon Segunda Mano: ahorra hasta un 50% en productos devueltos
inbox;Importante: Resumen Intereses Anuales
inbox;Has aparecido en 28 búsquedas esta semana
inbox;Boletín: El dilema de los Leopards 2, Burkina Faso expulsa a Francia, cumbre de CELAC y mucho más
inbox;Tu pedido está llegando
inbox;Entregado: Tu pedido n.º #407-5256631-1191516 de Amazon.es
inbox;conoce nuevas estrategias para trabajar en un departamento de comunicación
inbox;tu experiencia es importante - Gracias por compartirla
inbox;Regístrate en la Sucursal Virtual y ten el control de tu cuenta
inbox;Viaja para descubrir nuevas experiencias al otro lado del mundo
inbox;El supertoscano que enamora a nuestra comunidad
inbox;Último aviso para crear tu Playlist for the Future
inbox;Aquí tienes información importante relativa a tu póliza
inbox;Cambios en los Términos y la Política de Privacidad
inbox;¿Cuáles son las principales infracciones de las furgonetas?
inbox;We are back with the last updates from the field
inbox;CARNAVALET: La mejor fiesta de Carnaval
inbox;La importancia de llamarse ChatGPT
inbox;Consigue más descuento en carburante con Waylet
inbox;Revisa nuestros T&C actualizados
inbox;ha sido elegida Ave del Año 2023
inbox;Análisis comparativo del riesgo crediticio: una aproximación no paramétrica
inbox;Crece la energía que conecta contigo
inbox;10 consejos para aprender data science
inbox;Webinar: Binance Card
inbox;Webinar: Binance Crypto
inbox;Cursos Gratis sobre Gestión financiera en tiempos de crisis, Marketing Digital y mucho más
inbox;Estimación de matrices de transición para la cartera comercial de las entidades financieras ecuatorianas controladas por la Superintendencia de Bancos y Seguros
inbox;Ucrania ha inaugurado la guerra naval del futuro
spam;Remate final en nuestras Ofertas HASTA -50% con envío gratis
spam;¡Máximo AHORRO! ⚾ -30% en la 2ª ud o -50% en la 3ª ud si eres Premium 
inbox;tienes un beneficio de Amazon Prime sin utilizar
inbox;El uso de garantías en el sistema bancario argentino
inbox;Roku Gin te trae una ruta con la que disfrutar del invierno
inbox;Boletín: detenido el jefe de Cosa Nostra, qué nos dice la inflación de un país y mucho más
inbox;Sorpréndete con las novedades de la App Enel Clientes
inbox;Nuevos Términos y Condiciones
inbox;Te invitamos a este evento gratuito sobre Google Colab
inbox;Ventas de vehículos eléctricos en Europa en 2022
spam;🚨 ¡Último día! 🚨 Hasta -15% de descuento en tus compras
inbox;Análisis de la morosidad en las instituciones
inbox;Próximo calendario de competiciones
inbox;Valora tu pedido
inbox;La importancia de saber crear variables de negocio
inbox;Webinar: Regulación cripto
inbox;Cálculo de las reservas para el aval de cheques posfechados empleado un enfoque actuarial basado en el modelo CreditRisk+
inbox;¡Cuéntanos cómo ha sido tu experiencia de compra!
spam;SÓLO HOY: Disfruta de un -25% por compras superiores a 55€
inbox;Conoce la Región de AWS en España y Modern Apps webinars
inbox;Modelos de puntuación crediticia: la falta de información y el uso de datos de una central de riesgos
inbox;El de Brasil no será el último asalto a la democracia
inbox;Boletín: asalto al Congreso de Brasil, desertores en Ucrania, cárteles mexicanos en la UE y mucho más
inbox;Examen Bourbaki para científicos de datos: desbalance & regresión
inbox;estás invitado al Digital Marketing & Growth Day, sé el primero en conocer las tendencias del sector en 2023
inbox;PREVENCIÓN Y CURA DE LA MOROSIDAD CARME MARZO MAS
inbox;Webinar: Spot Trading
inbox;Viñedo de la alta montaña al lado del mar con una deliciosa expresión del 'terroir' mediterráneo
inbox;DESGRAVA tu donativo 2022 y resumen del año 2022
inbox;Un año de logros ¡Gracias a ti!
inbox;¿deseas valorar tu transacción en Amazon.es?
inbox;Bajan los mercados y las previsiones... ¿mejoran?
inbox;¿Por qué estudiar Ciencia de Datos en 2023?
inbox;Te invitamos al resumen de AWS re:Invent 2022
inbox;Ingresos y vivienda para todos, equilibrio general, ciclo económico y capitalización de pobres1. 2
inbox;Webinar: Tendencias tecnológicas y empresariales para 2023
inbox;Arabia Saudí quiere copiar la estrategia de Catar con el fútbol
inbox;Has solicitado un cambio de contraseña
spam;REBAJAS | Hasta un -50% de descuento
inbox;Pedido en tránsito
inbox;MODELO DE MICROCRÉDITO Y REFLEXIONES DE EXPERTOS FINANCIEROS
inbox;Boletín: alto el fuego en Ucrania, perfil de Soleimani, la OTAN refuerza su Ciberseguridad y mucho más
spam;¡Las rebajas ya han empezado!
spam;🇹‌🇮‌🇪‌🇳‌🇪‌🇸‌ (1) 🇵‌🇦‌🇶‌🇺‌🇪‌🇹‌🇪‌ 🇦‌ 🇱‌🇦‌ 🇪‌🇸‌🇵‌🇪‌🇷‌🇦‌
inbox;Viajar a Laponia Noruega en invierno
spam;Estado: esperando en el centro de distribución
spam;5 Top ventas de REBAJAS
inbox;Las MIPyMES y el mercado de crédito en la Argentina
inbox;El 2022 cierra con una subida del 31,5% en ventas de eléctricos…
inbox;Los otros usos del metaverso
inbox;Inscripción Newsletter
inbox;Confirmación de la cuenta de Trello
inbox;Confirmación de tu devolución REC000010062537 de AMAZON
spam;Obtén 30 CAD de descuento en tu primer pedido con Uber Eats
spam;-20% EXTRA en rebajas de hasta -70%
spam;Última oportunidad: -30% en productos seleccionados
spam;Ahorra con cualquier opción
spam;OFERTA Final Rebajas Enero
spam;¡Lo más TOP al mejor precio!
spam;-12% o -6% dto en TODO* 🚨 ÚLTIMO DÍA 🚨
inbox;Nuestro personal elige por usted
spam;¡3as REBAJAS! Con Envío GRATIS
spam;¡Descuento digno de un ✨ viernes ✨!
spam;🚨 Última oportunidad 🚨 2ª ud -30% o 3ª ud -50% si eres Premium 👑
spam;descubre los favoritos de Edurne 
inbox;52 puntos de recarga nuevos
inbox;5 razones por las que tomar suplementos
spam;¿Eres Premium? Solo para ti -50% en la 3ª ud 😏 ¿No lo eres? ¿A qué esperas? 
spam;ENVÍO GRATIS | Descubre tu zapato perfecto
inbox;¡Nuevo Webinar! ONCO 2.0: The Evolution
spam;¡Solo hoy! -15% EXTRA en hasta -70%
spam;si eres ✨ Premium ✨ ¡Corre que vuelan
spam;¡ÚLTIMAS HORAS! ⏰ -15% EXTRA en TODO
inbox;resumen de tus solicitudes de reserva
spam;¡Máximo AHORRO! ⚾ -30% en la 2ª ud o -50% en la 3ª ud si eres Premium 👑
spam;¡Oferta de Enero!
inbox;Nuestra forma favorita de dividir por capas
spam;TIC TAC… ⏰ Todo llega a su fin y esta oferta también... ¡Hasta 12€ dto.!
spam;¡Última oportunidad para el mayor ahorro del año!
spam;¡Últimas 72h! Hasta -50% en joyas
inbox;Isabelle Guyon y el truco del kernel (la ciencia de datos en sus personajes)
spam; ¡tenemos más novedades, más ofertas, más ahorro!
spam;Un regalo sorpresa por compras superiores a 55€
spam;-10% EXTRA en TODO 💥 Aprovéchalo en las Ofertas de Liquidación HASTA -50% con envío gratis
inbox;Emprender y crecer: ¿quieres conocer las lecciones más valiosas del éxito y fracaso de un innovador?
inbox;Ingresa tu lectura y disfruta de estas vacaciones
inbox;el proceso de transformación digital de tu empresa con metodologías agiles
spam;la Oferta Relámpago comienza ahora
spam;Rebajas ahora hasta -70% 
spam;¡6 últimas horas! 🚀 REBAJAS en La Miük
spam;⚡ OFERTA FLASH ⚡ ¡-30% en 2ª ud + 100 puntos extra
spam;70% de descuento en potentes antioxidantes
spam;40 % de descuento en nuestros favoritos de enero
inbox;Análisis del nuevo acuerdo de capitales de Basilea (BIS-II): PYME-risk, country-risk y operational-risk
spam;¡Último día SIN IVA! 🚨 No lo dejes escapar 
spam;REBAJAS: ¡Aún más descuentos!
spam;¡Liquidación! 💣 HASTA -50% en vinos seleccionados
spam;Compra más, ahorra más
spam;Ahorra un 23% en todos nuestros suplementos
spam; ¡Última oportunidad! 15€ o 15% dto 🐶 ¡Tú eliges!
inbox;¡Monumental! Vuelve el exclusivo y exquisito blanco de oro de Losada Vinos de Finca
spam;⏰ ÚLTIMO DÍA ⏰ -15€ o -15% dto
spam;La mejor crema de manos
spam;Últimas horas al 40%
spam;-30% -35% -40% 🧨¡Únete, gana y celebra!
inbox;Our community has spoken!
spam;Último día para obtener 10% + 5% en todos los productos
spam;Aprovecha el 50% dto en estas 2as rebajas
inbox;¡no te pierdas los últimos bestsellers!
inbox;EC Vibes | #
spam;¡Enhorabuena! Las flores auro ya son parte de tu historia. Celébralo con 5€ de descuento
inbox;Order #1436 confirmed
inbox;¿Vestidito negro o camisa de seda?
spam;📢 ¡Acaba pronto! Envío Gratis + Regalos exclusivos
inbox;Here are your October Updates From the Field
inbox;Thanks for joining Aurora Hunting
inbox;Básicos de nueva colección, las rayas marineras
inbox;3 empleos nuevos para «Científico de datos»
inbox;Joyeuse Épiphanie et bienvenue à 2023
inbox;Planificación virtual de cocinas IKEA
inbox;Vas a recibir tu pedido
inbox;Envío Anexo para su firma
inbox;Cuenta Qlik Sense
inbox;La 'superilla' del Eixample empieza a hacerse realidad
inbox;Muchas gracias por su pedid
inbox;Bienvenido a tu nuevo iPhone 4S
spam;Cuerpo a cuerpo. Hasta el 60% dto
spam;A partir de los 35 años...
spam;Sacia tu apetito con Axicromo, y luce cuerpo
spam;Recupera la luminosidad con Hidratante Facial Cremhidral Vitaminado
spam;Hidrata y maquilla en un solo gesto. Crema Hidratante Color SPF15 ioox
spam;Todo el mundo los quiere. Los favoritos
spam;Sección Facial: natural como la vida misma
spam;Miles de favoritos te esperan
spam;Quítate la ropa sin miedo
spam;Di adiós a la celulitis con biManán® CLA + LA carnitina
spam;Ayuda a quemar mientras duermes con Dormigras Corpore Diet
spam;Ya vienen los reyes, cázalos
spam;Los Reyes ya están de camino. Date prisa
spam;Con todo nuestro PromoAmor, Feliz Navidad
spam;Ayuda a eliminar la grasa. Café verde Robis
spam;Dale más vitalidad a tu rostro con Skin Q10 Energizer
spam;Compra hoy y te regalamos 10e
spam;Diabéticos | Cuida tu Figura | XHEKPON® | Calcetines Exfoliantes
spam;Eva ya lo ha Hecho…lo más tentador
spam;Todo sobre tu piel
spam;Sáciate y Elimina lo que No es Necesario con Xtreme Slim y Cola de caballo Ysana
spam;Último Día para que el Cheque sea Tuyo
spam;Lost & Found: Sal a la Caza de la Oferta
spam;Top Ventas: Son las Más Vendidas. ¿Te vas a Quedar Sin Ellas?
spam;Últimas Horas: Suéltate la Melena
spam;Caza ese Producto que se te Escapó
spam;Pack de 2 limas de cristal Yahari/ Equinacea Deiters/ Calenduflor Baby Crema
spam;Últimas horas: Regula el ritmo natural del sueño con Somnio® Flash
spam;Bye Bye Pelo Seco
spam;Hasta un 50% dto: Kita Bite ioox® repelente de Mosquitos/ Air Lift Cápsulas Contra el Mal Aliento/ Hemoclin gel Hemorroidal
spam;50% de dto: Blevit Plus 8 Cereales con Miel/ Blevit Plus 8 Cereales/ Solderm ioox® Antioxidante
spam;Barritas Nestlé Optifast sabor Cappuccino al 51% dto/ Cremhidral Vitaminada al 40% dto/ Gel Íntimo Erosil al 48% dto
inbox;Factura silla
inbox;Welcome to CoinMarketCap!
inbox;Verify your CoinMarketCap account
inbox;Tu pedido sges4035688508 está en camino
inbox;Tu pedido Amazon.es Yo, vieja (4ªED): Apuntes... se ha enviado
inbox;Confirmación de tu devolución
inbox;Confirma tu solicitud de registro
inbox;Foto
inbox;Fotos
inbox;Verificación email
inbox;Confirma tu cuenta de Canva
inbox;Tu ID de Apple está protegido por la autenticación de doble factor
inbox;Tu ID de Apple se ha usado para iniciar sesión en FaceTime y iMessage
inbox;RV: Despedida
inbox;Fwd: foto cumple
inbox;Fwd: fotos temps de flors
inbox;Fwd: Scan Data from
inbox;nieve
inbox;FW: Web
inbox;Coste Envío de emails
inbox;Código de seguridad de la cuenta Microsoft
inbox;fotitos
inbox;Bienvenido a tu nuevo iPhone
inbox;INFO Temporal Box
inbox;Invitación para colaborar
inbox;Reserva confirmada
inbox;Recordatorio de reserva
inbox;Tu viaje está confirmado para las siguientes fechas
inbox;Recibo para la reserva HMDTWSMPZR
inbox;Solicitud de reserva enviada
inbox;Fwd: National Express confirmation email
inbox;1a Notificación de Cambio de horario de salida/llegada de su vuelo
inbox;mapa de londres
inbox;Itinerario de Viaje Ryanair
inbox;Unificación de logins
inbox;TFM -ENTREGABLE3 G6 - Añadir espacio
inbox;TFM -ENTREGABLE3 G6 - Añadir espacio (22 veces)
inbox;Confirmar suscripción
inbox;La Salle Breakfast - 30 mayo 9:30hs - La tecnología como motor de cambio
inbox;Entregable 2 OK
inbox;Fwd: 1617_N0074_PG_P4_B: Briefings Startups y guía académica
inbox;"NO TE LO PUEDES PERDER: INSCRÍBETE AL EVENTO ANUAL ALUMNI ""WELCOME HOME"""
inbox;Recordatorio credenciales
inbox;Confirmación de matrícula
inbox;marca y navidad
inbox;tablas
inbox;SOCIAL MEDIA
inbox;TFM-Salle - Entregable 5 : Empezando con Wordpress Fitxer
inbox;PP PDF YESSS
inbox;Memòria Ac~qustic
inbox;SOCIAL MEDIA PLAN ACQUSTIC POWER POINT EN PDF Y PP
inbox;Ahora sí, Proyecto completo
inbox;Re: DAFO
inbox;Cuadros KPI
inbox;Entregable 6 - Gruo 5 - Plan de acciones
inbox;Entrega S5 Grupo 5 - Linkedin: Navidad en Wallapop
inbox;Grupo 5 - Entregable 3 - Construcción de la marca.docx - Invitación para editar
inbox;Fuentes
inbox;Canales
inbox;Semana 5
inbox;Semana 4
inbox;Entregables 1 y 2
inbox;Adjunto mi parte del power point
inbox;icons fondo transparente
inbox;ORGANIZACIÓN y buenos alimentos para la entrega S3
inbox;DAFO Social Media (chequear por si acaso)
inbox;Fwd: TABLAs
inbox;ESTE ESQUEMA ES EL BUENO NO HAGAIS CASO AL OTRO
inbox;PDF sesión 2
spam;FLASH descúbrelas
spam;Tus fragancias favoritas ahora en tamaño XXL
spam;Compra dónde, cuándo y cómo quieras
spam;HOY 😍 -15% EXTRA solo para ti
spam;GRAN OPORTUNIDAD 50% de descuento en tu suscripción Premium
inbox;Banco Sabadell está buscando personal: Técnico/Técnica Reporting Financiero al Supervisor (Barcelona o Madrid)
inbox;BBVA instala ‘pasillos fríos’ en sus Centros de Datos para mejorar la eficiencia energética
spam;Tu plan Premium tiene un 60% de descuento
inbox;La inteligencia artificial será clave en la transformación de los servicios financieros
spam;asociate a Emergencias Salud, 70% de descuento los 3 primeros meses + 30% de descuento los siguientes 4 meses
inbox;Stage d'​innovation: DATOS + IA
inbox;12 valoracion y riesgo crediticio en colombia
spam;Las rebajas. Acaban. Hoy
