orden;subject
1;10 razones para usar mi cheque
2;Vacaciones Favoritas
3;Madre mía que productos
4;Cuerpazo y celulitis fuera con biManán® Celuflash y Figu Robis
5;Tu madre se merece esto y mucho más
6;Tenemos las Top Ventas, no te hagas películas
7;"Mayor poder ""atrapa-grasa"" con Chitoven Vegetal, y a lucir figura"
8;La primavera con energía mucho mejor, Jalea Reina Real 3-D
9;♥ La lista de los más deseados ♥
10;Antiedad e hidratación con Crema Facial agua de mar ioox
11;Aquilea l Xhekpon l Cetonas Frambuesa l Colágeno
12;¿Quieres verlo ya? Ecografía 4D con la carita del bebé 49 EUR | Caña de lomo ibérico de bellota (cortado y envasado al vacío) 61,40 EUR | Mini mando Universal a distancia 14,90 EUR
13;Uñas fuertes y sanas con el Kit tratamiento uñas resecas
14;Roger&Gallet I Colágeno I Maquillaje Beter I Xeramance
15;Cómete las Navidades con Sbelta Plus
16;Últimas horas, llévate los 100e: Cuidado corporal y capilar con Pack Xhekpon
17;biManán® | Mango Africano | Aloe Vera | Omega 3
18;Fluocaril® | Hidratante Facial | Jalea Real | Pelo y Uñas
19;¿Esta semana… Has sido Santa?
20;contágiate del flower power
21;Domingo se dice MiniMarket. Házte con las Últimas Unidades
22;Serum Capilar Argán/ Gel baño MUSSVITAL® Chocolate/ Infusiones Digest/ Medidor de grasa y Kit Fitness de regalo
23;Stop al Envejecimiento Celular con Antioxidante Sabor Naranja
24;LIPOGRASIL®. Pierde Kilos, Gana Confianza
25;Protector Labial 2x1 / Champú The Cosmetic Republic / Mascarilla The Cosmetic Republic / Loción Vitaminada The Cosmetic Republic
26;Olvídate de los Dolores de Espalda con Lumbarwear / Limpia,Tonifica y Exfolia en un Sólo Paso: Zorgan Cleanser / ¡Hello Kitty se Baña Contigo! Gel de ducha y Champú infantil / XHEKPON® Crema de Manos 2 x 1
27;Lost & Found: Lo tenías fichado, ¡Lánzate!
28;Cuida la Suavidad de Tu Piel y la de los Tuyos
29;Descubre todos los Tratamientos para un Rostro Radiante con Sabina
30;Tu Kit básico de Playa con Sebamed
31;Olive Line Leche Corporal al 45% dto./ Kita Pick Emulsión Calmante 46% dto./ Cystop al 50% dto.
32;Sube la Temperatura del Verano
33;Hasta un 57% de dto: biManán Reductor Día & Noche y Calenduflor Baby®,Ysana Valeriana, Ysana Té Negro
34;Gel de Baño Aloe Vera Lainco al 45% dto/ Canastilla Verde ICO Baby al 34% dto
35;Lanzamos Web y Cupón Móvil
36;Lo Ves muy claro: este Verano, Bronceada y Joven
37;Estrena Cuerpo en 10 Días
38;Belleza en Monodosis
39;Amor por Los Pies
40;Oro Líquido
41;Este Verano luce Sonrisa y Bronceado
42;Bye Bye Grasa, Arrugitas y Estrés
43;Olive line: ¡Siente el Mediterráneo en tu Rostro!
44;Va como la Seda. ¡Pruébalo!
45;"Este Verano cambia el tapeo por el ""Tapseo"""
46;La mejor arma contra la psoriasis. Psomir crema calma, hidrata y calma tu piel al 50% de dto
47;No tienes un pelo de tonta
48;Este Verano, se lleva el Blanco...¡en tus dientes! BlanX Dientes blancos y BlanX Antimanchas con un 50% dto
49;Tu Piel es Ciencia
50;Quédate sólo con lo que necesitas
51;Tipazo de cabeza a pies con Redugras saciante por 6,60€ y Crema de pies con sales del mar muerto Jericho por 7€
52;Trátate con delicadeza
53;Ligera y mediterránea con Quanton complemento adelgazante con un 50% de dto. y Gel de ducha ultrahidratante OIiveline con un 45% de dto
54;Iniesta ya tiene las Pastillas Contra el Dolor Ajeno ¿Y tú?
55;¡Respira el verano!
56;Día de Interpharma. Crema de cuerpo Laktiderm, Ampollas faciales Plactocel, Crema facial Tiagén, Lotigén Suavizante Capilar hasta el 64% € de dto
57;No se te querrán acercar
58;Deja los estampados para las cebras
59;Sólo Hoy: LasMejores Ofertas Flash
60;Eres un sol... Protégete y disfruta ante él con Gel Solar facial Galius al 40% de dto. y Nutridiver Cuidado solar al 41% de dto
61;Ponte en tu piel con Axati Pieles Maduras y Crema Solar Babé SPF 30 al 40% de dto
62;Día de Mussvital... hasta un 57% de descuento
63;No lo echarás de menos
64;Queda mucho por andar...
65;¿Moreno, largo e Inteso?
66;Divina de la cabeza a los pies
67;Colonia Nahore por sólo 3,30€, Calenduflor crema por sólo 4,70€. Cuidados para los reyes de la casa
68;Protextrem Gel Crema SPF50 para niños. Que juegue al sol, pero no con él
69;Día de la Belleza Capilar. Consigue una melena deslumbrante con las mejores Ofertas
70;Cuídala, es muy sensible
71;El famoso Carmex por 3,45€, labios hidratados y protegidos del sol/ Pies hidratados en profundidad con una sola aplicación: Calcetín Luxiderma Hidratante por sólo 2,50€
72;Hidrata tu piel en profundidad con Cremhidral con aceite de argán al 40% de dto. / Olvidate de la sudoración en los pies. Peusek-sek Sport al 45% de dto
73;¡Stop! Detén el tiempo en tu piel
74;Secador+Tenacillas 15,90€ / Plancha térmica 12.90€ / Espejo Beter 9,50€
75;Kit perfecto para el campamento de tu hij@ al 75% dto
76;El Día de las Colonias. En repventa para ti durante 24 horas
77;Siente el bienestar con los tés Ysana, a un 57% de dto
78;¿Cuánta fibra tomas al día? Activa tu organismo con Redugras al 50% de dto
79;Evita las irritaciones del verano con Talkinter Fluido / Crema depilatoria Mussvital con Aceite de Argán y Leche de Loto, ¡te la mereces!
80;Pulsera antimosquitos Zotal, ¡protección total!
81;Día de la Dieta hasta el 59%
82;¿Quieres levantarte algo más que la moral?
83;Pies renovados con Calcetín exfoliante Luxiderm por 7,95€ / Desodorante de Aloe Vera por sólo 2,50€
84;Mantén localizado a tu hijo y evita los cólicos de tu bebé con este pack con hasta un 75% de dto
85;Un cutis terso y renovado con el poder del mar. Zorgan Serum Intensive Antiarrugas día y Serum Intensive Antiarrugas noche al 52% de dto
86;Enjuague bucal de 500ml ¡por sólo 3€! Limpia tu boca en profundidad
87;Borra las estrías y cuida tu piel con Aceite de Almendras, ¡por sólo 3€!
88;Roc Duplo Reductor Intensivo al 40% de descuento ¡Una talla menos en 4 semanas!
89;¡Cuida tus manos con el pack Neutrogena! por sólo 7,50€
90;¿Marzo y sin dejar de fumar? Cigarrillo electrónico con pitillera de diseño al 50% de descuento
91;¡Un pecho más firme y voluminoso es posible! Talika Effigy Bust Serum con un 45% de descuento
92;Cremhidral especial colágeno con aceite de Onagra por 8,75€ ¡Apuesta por tu piel!
93;Últimas horas de Stop Ronquidos al 40% de descuento ¡descubre el placer de dormir!
94;¡Activa tu energía con Jalea Real y paga un 45% menos!
95;5 GRANDES OFERTAS a pequeños precios en exclusiva para ti. Unidades limitadas.
